file,line,type,commit,author,date,time,timezone,datetime,depth,length
style.css,1,css,00000000,Not Committed Yet,2025-11-07,19:43:41,-08:00,2025-11-07T19:43:41-08:00,0,32
style.css,2,css,00000000,Not Committed Yet,2025-11-07,19:43:41,-08:00,2025-11-07T19:43:41-08:00,0,4
style.css,3,css,00000000,Not Committed Yet,2025-11-07,19:43:41,-08:00,2025-11-07T19:43:41-08:00,1,40
style.css,4,css,00000000,Not Committed Yet,2025-11-07,19:43:41,-08:00,2025-11-07T19:43:41-08:00,1,32
style.css,5,css,00000000,Not Committed Yet,2025-11-07,19:43:41,-08:00,2025-11-07T19:43:41-08:00,0,0
style.css,6,css,00000000,Not Committed Yet,2025-11-07,19:43:41,-08:00,2025-11-07T19:43:41-08:00,0,0
style.css,7,css,00000000,Not Committed Yet,2025-11-07,19:43:41,-08:00,2025-11-07T19:43:41-08:00,0,0
style.css,8,css,00000000,Not Committed Yet,2025-11-07,19:43:41,-08:00,2025-11-07T19:43:41-08:00,0,4
style.css,9,css,00000000,Not Committed Yet,2025-11-07,19:43:41,-08:00,2025-11-07T19:43:41-08:00,1,36
style.css,10,css,00000000,Not Committed Yet,2025-11-07,19:43:41,-08:00,2025-11-07T19:43:41-08:00,1,43
style.css,11,css,00000000,Not Committed Yet,2025-11-07,19:43:41,-08:00,2025-11-07T19:43:41-08:00,0,42
style.css,12,css,00000000,Not Committed Yet,2025-11-07,19:43:41,-08:00,2025-11-07T19:43:41-08:00,0,0
style.css,13,css,00000000,Not Committed Yet,2025-11-07,19:43:41,-08:00,2025-11-07T19:43:41-08:00,1,15
style.css,14,css,00000000,Not Committed Yet,2025-11-07,19:43:41,-08:00,2025-11-07T19:43:41-08:00,1,18
style.css,15,css,00000000,Not Committed Yet,2025-11-07,19:43:41,-08:00,2025-11-07T19:43:41-08:00,1,11
style.css,16,css,00000000,Not Committed Yet,2025-11-07,19:43:41,-08:00,2025-11-07T19:43:41-08:00,1,23
style.css,17,css,00000000,Not Committed Yet,2025-11-07,19:43:41,-08:00,2025-11-07T19:43:41-08:00,0,0
style.css,18,css,00000000,Not Committed Yet,2025-11-07,19:43:41,-08:00,2025-11-07T19:43:41-08:00,0,0
style.css,19,css,00000000,Not Committed Yet,2025-11-07,19:43:41,-08:00,2025-11-07T19:43:41-08:00,0,0
style.css,20,css,00000000,Not Committed Yet,2025-11-07,19:43:41,-08:00,2025-11-07T19:43:41-08:00,0,29
style.css,21,css,00000000,Not Committed Yet,2025-11-07,19:43:41,-08:00,2025-11-07T19:43:41-08:00,0,3
style.css,22,css,00000000,Not Committed Yet,2025-11-07,19:43:41,-08:00,2025-11-07T19:43:41-08:00,1,15
style.css,23,css,00000000,Not Committed Yet,2025-11-07,19:43:41,-08:00,2025-11-07T19:43:41-08:00,1,11
style.css,24,css,00000000,Not Committed Yet,2025-11-07,19:43:41,-08:00,2025-11-07T19:43:41-08:00,1,13
style.css,25,css,00000000,Not Committed Yet,2025-11-07,19:43:41,-08:00,2025-11-07T19:43:41-08:00,1,15
style.css,26,css,00000000,Not Committed Yet,2025-11-07,19:43:41,-08:00,2025-11-07T19:43:41-08:00,0,0
style.css,27,css,00000000,Not Committed Yet,2025-11-07,19:43:41,-08:00,2025-11-07T19:43:41-08:00,0,0
style.css,28,css,00000000,Not Committed Yet,2025-11-07,19:43:41,-08:00,2025-11-07T19:43:41-08:00,0,0
style.css,29,css,00000000,Not Committed Yet,2025-11-07,19:43:41,-08:00,2025-11-07T19:43:41-08:00,0,3
style.css,30,css,00000000,Not Committed Yet,2025-11-07,19:43:41,-08:00,2025-11-07T19:43:41-08:00,1,12
style.css,31,css,00000000,Not Committed Yet,2025-11-07,19:43:41,-08:00,2025-11-07T19:43:41-08:00,1,23
style.css,32,css,00000000,Not Committed Yet,2025-11-07,19:43:41,-08:00,2025-11-07T19:43:41-08:00,1,25
style.css,33,css,00000000,Not Committed Yet,2025-11-07,19:43:41,-08:00,2025-11-07T19:43:41-08:00,1,39
style.css,34,css,00000000,Not Committed Yet,2025-11-07,19:43:41,-08:00,2025-11-07T19:43:41-08:00,1,39
style.css,35,css,00000000,Not Committed Yet,2025-11-07,19:43:41,-08:00,2025-11-07T19:43:41-08:00,0,0
style.css,36,css,00000000,Not Committed Yet,2025-11-07,19:43:41,-08:00,2025-11-07T19:43:41-08:00,0,5
style.css,37,css,00000000,Not Committed Yet,2025-11-07,19:43:41,-08:00,2025-11-07T19:43:41-08:00,1,5
style.css,38,css,00000000,Not Committed Yet,2025-11-07,19:43:41,-08:00,2025-11-07T19:43:41-08:00,1,20
style.css,39,css,00000000,Not Committed Yet,2025-11-07,19:43:41,-08:00,2025-11-07T19:43:41-08:00,1,13
style.css,40,css,00000000,Not Committed Yet,2025-11-07,19:43:41,-08:00,2025-11-07T19:43:41-08:00,1,17
style.css,41,css,00000000,Not Committed Yet,2025-11-07,19:43:41,-08:00,2025-11-07T19:43:41-08:00,1,13
style.css,42,css,00000000,Not Committed Yet,2025-11-07,19:43:41,-08:00,2025-11-07T19:43:41-08:00,1,19
style.css,43,css,00000000,Not Committed Yet,2025-11-07,19:43:41,-08:00,2025-11-07T19:43:41-08:00,1,14
style.css,44,css,00000000,Not Committed Yet,2025-11-07,19:43:41,-08:00,2025-11-07T19:43:41-08:00,0,0
style.css,45,css,00000000,Not Committed Yet,2025-11-07,19:43:41,-08:00,2025-11-07T19:43:41-08:00,0,0
style.css,46,css,00000000,Not Committed Yet,2025-11-07,19:43:41,-08:00,2025-11-07T19:43:41-08:00,0,25
style.css,47,css,00000000,Not Committed Yet,2025-11-07,19:43:41,-08:00,2025-11-07T19:43:41-08:00,1,45
style.css,48,css,00000000,Not Committed Yet,2025-11-07,19:43:41,-08:00,2025-11-07T19:43:41-08:00,1,69
style.css,49,css,00000000,Not Committed Yet,2025-11-07,19:43:41,-08:00,2025-11-07T19:43:41-08:00,0,0
style.css,50,css,00000000,Not Committed Yet,2025-11-07,19:43:41,-08:00,2025-11-07T19:43:41-08:00,0,0
style.css,51,css,00000000,Not Committed Yet,2025-11-07,19:43:41,-08:00,2025-11-07T19:43:41-08:00,0,53
style.css,52,css,00000000,Not Committed Yet,2025-11-07,19:43:41,-08:00,2025-11-07T19:43:41-08:00,0,0
style.css,53,css,00000000,Not Committed Yet,2025-11-07,19:43:41,-08:00,2025-11-07T19:43:41-08:00,0,4
style.css,54,css,00000000,Not Committed Yet,2025-11-07,19:43:41,-08:00,2025-11-07T19:43:41-08:00,1,12
style.css,55,css,00000000,Not Committed Yet,2025-11-07,19:43:41,-08:00,2025-11-07T19:43:41-08:00,1,30
style.css,56,css,00000000,Not Committed Yet,2025-11-07,19:43:41,-08:00,2025-11-07T19:43:41-08:00,1,7
style.css,57,css,00000000,Not Committed Yet,2025-11-07,19:43:41,-08:00,2025-11-07T19:43:41-08:00,0,0
style.css,58,css,00000000,Not Committed Yet,2025-11-07,19:43:41,-08:00,2025-11-07T19:43:41-08:00,0,5
style.css,59,css,00000000,Not Committed Yet,2025-11-07,19:43:41,-08:00,2025-11-07T19:43:41-08:00,1,12
style.css,60,css,00000000,Not Committed Yet,2025-11-07,19:43:41,-08:00,2025-11-07T19:43:41-08:00,1,29
style.css,61,css,00000000,Not Committed Yet,2025-11-07,19:43:41,-08:00,2025-11-07T19:43:41-08:00,0,0
style.css,62,css,00000000,Not Committed Yet,2025-11-07,19:43:41,-08:00,2025-11-07T19:43:41-08:00,0,12
style.css,63,css,00000000,Not Committed Yet,2025-11-07,19:43:41,-08:00,2025-11-07T19:43:41-08:00,1,18
style.css,64,css,00000000,Not Committed Yet,2025-11-07,19:43:41,-08:00,2025-11-07T19:43:41-08:00,0,0
style.css,65,css,00000000,Not Committed Yet,2025-11-07,19:43:41,-08:00,2025-11-07T19:43:41-08:00,0,9
style.css,66,css,00000000,Not Committed Yet,2025-11-07,19:43:41,-08:00,2025-11-07T19:43:41-08:00,1,12
style.css,67,css,00000000,Not Committed Yet,2025-11-07,19:43:41,-08:00,2025-11-07T19:43:41-08:00,1,58
style.css,68,css,00000000,Not Committed Yet,2025-11-07,19:43:41,-08:00,2025-11-07T19:43:41-08:00,1,7
style.css,69,css,00000000,Not Committed Yet,2025-11-07,19:43:41,-08:00,2025-11-07T19:43:41-08:00,0,0
style.css,70,css,00000000,Not Committed Yet,2025-11-07,19:43:41,-08:00,2025-11-07T19:43:41-08:00,0,17
style.css,71,css,00000000,Not Committed Yet,2025-11-07,19:43:41,-08:00,2025-11-07T19:43:41-08:00,1,12
style.css,72,css,00000000,Not Committed Yet,2025-11-07,19:43:41,-08:00,2025-11-07T19:43:41-08:00,1,26
style.css,73,css,00000000,Not Committed Yet,2025-11-07,19:43:41,-08:00,2025-11-07T19:43:41-08:00,1,15
style.css,74,css,00000000,Not Committed Yet,2025-11-07,19:43:41,-08:00,2025-11-07T19:43:41-08:00,0,0
style.css,75,css,00000000,Not Committed Yet,2025-11-07,19:43:41,-08:00,2025-11-07T19:43:41-08:00,0,12
style.css,76,css,00000000,Not Committed Yet,2025-11-07,19:43:41,-08:00,2025-11-07T19:43:41-08:00,1,8
style.css,77,css,00000000,Not Committed Yet,2025-11-07,19:43:41,-08:00,2025-11-07T19:43:41-08:00,0,0
style.css,78,css,00000000,Not Committed Yet,2025-11-07,19:43:41,-08:00,2025-11-07T19:43:41-08:00,0,9
style.css,79,css,00000000,Not Committed Yet,2025-11-07,19:43:41,-08:00,2025-11-07T19:43:41-08:00,1,7
style.css,80,css,00000000,Not Committed Yet,2025-11-07,19:43:41,-08:00,2025-11-07T19:43:41-08:00,0,0
style.css,81,css,00000000,Not Committed Yet,2025-11-07,19:43:41,-08:00,2025-11-07T19:43:41-08:00,0,0
style.css,82,css,00000000,Not Committed Yet,2025-11-07,19:43:41,-08:00,2025-11-07T19:43:41-08:00,0,0
style.css,83,css,00000000,Not Committed Yet,2025-11-07,19:43:41,-08:00,2025-11-07T19:43:41-08:00,0,2
style.css,84,css,00000000,Not Committed Yet,2025-11-07,19:43:41,-08:00,2025-11-07T19:43:41-08:00,1,14
style.css,85,css,00000000,Not Committed Yet,2025-11-07,19:43:41,-08:00,2025-11-07T19:43:41-08:00,1,15
style.css,86,css,00000000,Not Committed Yet,2025-11-07,19:43:41,-08:00,2025-11-07T19:43:41-08:00,1,17
style.css,87,css,00000000,Not Committed Yet,2025-11-07,19:43:41,-08:00,2025-11-07T19:43:41-08:00,0,0
style.css,88,css,00000000,Not Committed Yet,2025-11-07,19:43:41,-08:00,2025-11-07T19:43:41-08:00,0,0
style.css,89,css,00000000,Not Committed Yet,2025-11-07,19:43:41,-08:00,2025-11-07T19:43:41-08:00,0,22
style.css,90,css,00000000,Not Committed Yet,2025-11-07,19:43:41,-08:00,2025-11-07T19:43:41-08:00,1,15
style.css,91,css,00000000,Not Committed Yet,2025-11-07,19:43:41,-08:00,2025-11-07T19:43:41-08:00,1,17
style.css,92,css,00000000,Not Committed Yet,2025-11-07,19:43:41,-08:00,2025-11-07T19:43:41-08:00,0,0
style.css,93,css,00000000,Not Committed Yet,2025-11-07,19:43:41,-08:00,2025-11-07T19:43:41-08:00,0,0
style.css,94,css,00000000,Not Committed Yet,2025-11-07,19:43:41,-08:00,2025-11-07T19:43:41-08:00,0,6
style.css,95,css,00000000,Not Committed Yet,2025-11-07,19:43:41,-08:00,2025-11-07T19:43:41-08:00,1,14
style.css,96,css,00000000,Not Committed Yet,2025-11-07,19:43:41,-08:00,2025-11-07T19:43:41-08:00,1,15
style.css,97,css,00000000,Not Committed Yet,2025-11-07,19:43:41,-08:00,2025-11-07T19:43:41-08:00,1,17
style.css,98,css,00000000,Not Committed Yet,2025-11-07,19:43:41,-08:00,2025-11-07T19:43:41-08:00,0,0
style.css,99,css,00000000,Not Committed Yet,2025-11-07,19:43:41,-08:00,2025-11-07T19:43:41-08:00,0,0
style.css,100,css,00000000,Not Committed Yet,2025-11-07,19:43:41,-08:00,2025-11-07T19:43:41-08:00,0,5
style.css,101,css,00000000,Not Committed Yet,2025-11-07,19:43:41,-08:00,2025-11-07T19:43:41-08:00,1,25
style.css,102,css,00000000,Not Committed Yet,2025-11-07,19:43:41,-08:00,2025-11-07T19:43:41-08:00,1,25
style.css,103,css,00000000,Not Committed Yet,2025-11-07,19:43:41,-08:00,2025-11-07T19:43:41-08:00,1,16
style.css,104,css,00000000,Not Committed Yet,2025-11-07,19:43:41,-08:00,2025-11-07T19:43:41-08:00,0,0
style.css,105,css,00000000,Not Committed Yet,2025-11-07,19:43:41,-08:00,2025-11-07T19:43:41-08:00,0,0
style.css,106,css,00000000,Not Committed Yet,2025-11-07,19:43:41,-08:00,2025-11-07T19:43:41-08:00,0,11
style.css,107,css,00000000,Not Committed Yet,2025-11-07,19:43:41,-08:00,2025-11-07T19:43:41-08:00,1,20
style.css,108,css,00000000,Not Committed Yet,2025-11-07,19:43:41,-08:00,2025-11-07T19:43:41-08:00,1,20
style.css,109,css,00000000,Not Committed Yet,2025-11-07,19:43:41,-08:00,2025-11-07T19:43:41-08:00,0,0
style.css,110,css,00000000,Not Committed Yet,2025-11-07,19:43:41,-08:00,2025-11-07T19:43:41-08:00,0,0
style.css,111,css,00000000,Not Committed Yet,2025-11-07,19:43:41,-08:00,2025-11-07T19:43:41-08:00,0,13
style.css,112,css,00000000,Not Committed Yet,2025-11-07,19:43:41,-08:00,2025-11-07T19:43:41-08:00,1,17
style.css,113,css,00000000,Not Committed Yet,2025-11-07,19:43:41,-08:00,2025-11-07T19:43:41-08:00,1,8
style.css,114,css,00000000,Not Committed Yet,2025-11-07,19:43:41,-08:00,2025-11-07T19:43:41-08:00,1,10
style.css,115,css,00000000,Not Committed Yet,2025-11-07,19:43:41,-08:00,2025-11-07T19:43:41-08:00,1,12
style.css,116,css,00000000,Not Committed Yet,2025-11-07,19:43:41,-08:00,2025-11-07T19:43:41-08:00,1,18
style.css,117,css,00000000,Not Committed Yet,2025-11-07,19:43:41,-08:00,2025-11-07T19:43:41-08:00,1,11
style.css,118,css,00000000,Not Committed Yet,2025-11-07,19:43:41,-08:00,2025-11-07T19:43:41-08:00,1,19
style.css,119,css,00000000,Not Committed Yet,2025-11-07,19:43:41,-08:00,2025-11-07T19:43:41-08:00,1,16
style.css,120,css,00000000,Not Committed Yet,2025-11-07,19:43:41,-08:00,2025-11-07T19:43:41-08:00,0,0
style.css,121,css,00000000,Not Committed Yet,2025-11-07,19:43:41,-08:00,2025-11-07T19:43:41-08:00,0,0
style.css,122,css,00000000,Not Committed Yet,2025-11-07,19:43:41,-08:00,2025-11-07T19:43:41-08:00,0,20
style.css,123,css,00000000,Not Committed Yet,2025-11-07,19:43:41,-08:00,2025-11-07T19:43:41-08:00,1,19
style.css,124,css,00000000,Not Committed Yet,2025-11-07,19:43:41,-08:00,2025-11-07T19:43:41-08:00,0,0
style.css,125,css,00000000,Not Committed Yet,2025-11-07,19:43:41,-08:00,2025-11-07T19:43:41-08:00,0,0
style.css,126,css,00000000,Not Committed Yet,2025-11-07,19:43:41,-08:00,2025-11-07T19:43:41-08:00,0,0
style.css,127,css,00000000,Not Committed Yet,2025-11-07,19:43:41,-08:00,2025-11-07T19:43:41-08:00,0,31
style.css,128,css,00000000,Not Committed Yet,2025-11-07,19:43:41,-08:00,2025-11-07T19:43:41-08:00,0,18
style.css,129,css,00000000,Not Committed Yet,2025-11-07,19:43:41,-08:00,2025-11-07T19:43:41-08:00,1,14
style.css,130,css,00000000,Not Committed Yet,2025-11-07,19:43:41,-08:00,2025-11-07T19:43:41-08:00,1,24
style.css,131,css,00000000,Not Committed Yet,2025-11-07,19:43:41,-08:00,2025-11-07T19:43:41-08:00,1,16
style.css,132,css,00000000,Not Committed Yet,2025-11-07,19:43:41,-08:00,2025-11-07T19:43:41-08:00,0,0
style.css,133,css,00000000,Not Committed Yet,2025-11-07,19:43:41,-08:00,2025-11-07T19:43:41-08:00,0,21
style.css,134,css,00000000,Not Committed Yet,2025-11-07,19:43:41,-08:00,2025-11-07T19:43:41-08:00,1,12
style.css,135,css,00000000,Not Committed Yet,2025-11-07,19:43:41,-08:00,2025-11-07T19:43:41-08:00,1,8
style.css,136,css,00000000,Not Committed Yet,2025-11-07,19:43:41,-08:00,2025-11-07T19:43:41-08:00,1,22
style.css,137,css,00000000,Not Committed Yet,2025-11-07,19:43:41,-08:00,2025-11-07T19:43:41-08:00,1,14
style.css,138,css,00000000,Not Committed Yet,2025-11-07,19:43:41,-08:00,2025-11-07T19:43:41-08:00,0,0
style.css,139,css,00000000,Not Committed Yet,2025-11-07,19:43:41,-08:00,2025-11-07T19:43:41-08:00,0,7
style.css,140,css,00000000,Not Committed Yet,2025-11-07,19:43:41,-08:00,2025-11-07T19:43:41-08:00,1,15
style.css,141,css,00000000,Not Committed Yet,2025-11-07,19:43:41,-08:00,2025-11-07T19:43:41-08:00,1,8
style.css,142,css,00000000,Not Committed Yet,2025-11-07,19:43:41,-08:00,2025-11-07T19:43:41-08:00,1,15
style.css,143,css,00000000,Not Committed Yet,2025-11-07,19:43:41,-08:00,2025-11-07T19:43:41-08:00,1,42
style.css,144,css,00000000,Not Committed Yet,2025-11-07,19:43:41,-08:00,2025-11-07T19:43:41-08:00,1,20
style.css,145,css,00000000,Not Committed Yet,2025-11-07,19:43:41,-08:00,2025-11-07T19:43:41-08:00,1,12
style.css,146,css,00000000,Not Committed Yet,2025-11-07,19:43:41,-08:00,2025-11-07T19:43:41-08:00,1,57
style.css,147,css,00000000,Not Committed Yet,2025-11-07,19:43:41,-08:00,2025-11-07T19:43:41-08:00,1,10
style.css,148,css,00000000,Not Committed Yet,2025-11-07,19:43:41,-08:00,2025-11-07T19:43:41-08:00,1,6
style.css,149,css,00000000,Not Committed Yet,2025-11-07,19:43:41,-08:00,2025-11-07T19:43:41-08:00,0,0
style.css,150,css,00000000,Not Committed Yet,2025-11-07,19:43:41,-08:00,2025-11-07T19:43:41-08:00,0,10
style.css,151,css,00000000,Not Committed Yet,2025-11-07,19:43:41,-08:00,2025-11-07T19:43:41-08:00,1,12
style.css,152,css,00000000,Not Committed Yet,2025-11-07,19:43:41,-08:00,2025-11-07T19:43:41-08:00,1,18
style.css,153,css,00000000,Not Committed Yet,2025-11-07,19:43:41,-08:00,2025-11-07T19:43:41-08:00,1,10
style.css,154,css,00000000,Not Committed Yet,2025-11-07,19:43:41,-08:00,2025-11-07T19:43:41-08:00,0,0
style.css,155,css,00000000,Not Committed Yet,2025-11-07,19:43:41,-08:00,2025-11-07T19:43:41-08:00,0,15
style.css,156,css,00000000,Not Committed Yet,2025-11-07,19:43:41,-08:00,2025-11-07T19:43:41-08:00,1,10
style.css,157,css,00000000,Not Committed Yet,2025-11-07,19:43:41,-08:00,2025-11-07T19:43:41-08:00,1,11
style.css,158,css,00000000,Not Committed Yet,2025-11-07,19:43:41,-08:00,2025-11-07T19:43:41-08:00,1,21
style.css,159,css,00000000,Not Committed Yet,2025-11-07,19:43:41,-08:00,2025-11-07T19:43:41-08:00,1,23
style.css,160,css,00000000,Not Committed Yet,2025-11-07,19:43:41,-08:00,2025-11-07T19:43:41-08:00,0,0
style.css,161,css,00000000,Not Committed Yet,2025-11-07,19:43:41,-08:00,2025-11-07T19:43:41-08:00,0,0
style.css,162,css,00000000,Not Committed Yet,2025-11-07,19:43:41,-08:00,2025-11-07T19:43:41-08:00,0,14
style.css,163,css,00000000,Not Committed Yet,2025-11-07,19:43:41,-08:00,2025-11-07T19:43:41-08:00,0,67
style.css,164,css,00000000,Not Committed Yet,2025-11-07,19:43:41,-08:00,2025-11-07T19:43:41-08:00,0,61
style.css,165,css,00000000,Not Committed Yet,2025-11-07,19:43:41,-08:00,2025-11-07T19:43:41-08:00,0,0
style.css,166,css,00000000,Not Committed Yet,2025-11-07,19:43:41,-08:00,2025-11-07T19:43:41-08:00,0,18
style.css,167,css,00000000,Not Committed Yet,2025-11-07,19:43:41,-08:00,2025-11-07T19:43:41-08:00,0,50
style.css,168,css,00000000,Not Committed Yet,2025-11-07,19:43:41,-08:00,2025-11-07T19:43:41-08:00,0,40
style.css,169,css,00000000,Not Committed Yet,2025-11-07,19:43:41,-08:00,2025-11-07T19:43:41-08:00,0,52
style.css,170,css,00000000,Not Committed Yet,2025-11-07,19:43:41,-08:00,2025-11-07T19:43:41-08:00,0,0
style.css,171,css,00000000,Not Committed Yet,2025-11-07,19:43:41,-08:00,2025-11-07T19:43:41-08:00,0,47
index.js,1,js,00000000,Not Committed Yet,2025-11-07,19:43:42,-08:00,2025-11-07T19:43:42-08:00,0,71
index.js,2,js,00000000,Not Committed Yet,2025-11-07,19:43:42,-08:00,2025-11-07T19:43:42-08:00,0,0
index.js,3,js,00000000,Not Committed Yet,2025-11-07,19:43:42,-08:00,2025-11-07T19:43:42-08:00,0,27
index.js,4,js,00000000,Not Committed Yet,2025-11-07,19:43:42,-08:00,2025-11-07T19:43:42-08:00,0,49
index.js,5,js,00000000,Not Committed Yet,2025-11-07,19:43:42,-08:00,2025-11-07T19:43:42-08:00,0,55
index.js,6,js,00000000,Not Committed Yet,2025-11-07,19:43:42,-08:00,2025-11-07T19:43:42-08:00,0,64
index.js,7,js,00000000,Not Committed Yet,2025-11-07,19:43:42,-08:00,2025-11-07T19:43:42-08:00,0,0
index.js,8,js,00000000,Not Committed Yet,2025-11-07,19:43:42,-08:00,2025-11-07T19:43:42-08:00,0,29
index.js,9,js,00000000,Not Committed Yet,2025-11-07,19:43:42,-08:00,2025-11-07T19:43:42-08:00,0,53
index.js,10,js,00000000,Not Committed Yet,2025-11-07,19:43:42,-08:00,2025-11-07T19:43:42-08:00,0,10
index.js,11,js,00000000,Not Committed Yet,2025-11-07,19:43:42,-08:00,2025-11-07T19:43:42-08:00,1,59
index.js,12,js,00000000,Not Committed Yet,2025-11-07,19:43:42,-08:00,2025-11-07T19:43:42-08:00,1,20
index.js,13,js,00000000,Not Committed Yet,2025-11-07,19:43:42,-08:00,2025-11-07T19:43:42-08:00,2,17
index.js,14,js,00000000,Not Committed Yet,2025-11-07,19:43:42,-08:00,2025-11-07T19:43:42-08:00,3,2
index.js,15,js,00000000,Not Committed Yet,2025-11-07,19:43:42,-08:00,2025-11-07T19:43:42-08:00,4,46
index.js,16,js,00000000,Not Committed Yet,2025-11-07,19:43:42,-08:00,2025-11-07T19:43:42-08:00,4,46
index.js,17,js,00000000,Not Committed Yet,2025-11-07,19:43:42,-08:00,2025-11-07T19:43:42-08:00,4,40
index.js,18,js,00000000,Not Committed Yet,2025-11-07,19:43:42,-08:00,2025-11-07T19:43:42-08:00,4,40
index.js,19,js,00000000,Not Committed Yet,2025-11-07,19:43:42,-08:00,2025-11-07T19:43:42-08:00,3,3
index.js,20,js,00000000,Not Committed Yet,2025-11-07,19:43:42,-08:00,2025-11-07T19:43:42-08:00,2,0
index.js,21,js,00000000,Not Committed Yet,2025-11-07,19:43:42,-08:00,2025-11-07T19:43:42-08:00,1,6
index.js,22,js,00000000,Not Committed Yet,2025-11-07,19:43:42,-08:00,2025-11-07T19:43:42-08:00,2,58
index.js,23,js,00000000,Not Committed Yet,2025-11-07,19:43:42,-08:00,2025-11-07T19:43:42-08:00,1,0
index.js,24,js,00000000,Not Committed Yet,2025-11-07,19:43:42,-08:00,2025-11-07T19:43:42-08:00,0,0
index.html,1,html,00000000,Not Committed Yet,2025-11-07,19:43:42,-08:00,2025-11-07T19:43:42-08:00,0,13
index.html,2,html,00000000,Not Committed Yet,2025-11-07,19:43:42,-08:00,2025-11-07T19:43:42-08:00,0,14
index.html,3,html,00000000,Not Committed Yet,2025-11-07,19:43:42,-08:00,2025-11-07T19:43:42-08:00,0,4
index.html,4,html,00000000,Not Committed Yet,2025-11-07,19:43:42,-08:00,2025-11-07T19:43:42-08:00,2,20
index.html,5,html,00000000,Not Committed Yet,2025-11-07,19:43:42,-08:00,2025-11-07T19:43:42-08:00,2,68
index.html,6,html,00000000,Not Committed Yet,2025-11-07,19:43:42,-08:00,2025-11-07T19:43:42-08:00,2,53
index.html,7,html,00000000,Not Committed Yet,2025-11-07,19:43:42,-08:00,2025-11-07T19:43:42-08:00,2,38
index.html,8,html,00000000,Not Committed Yet,2025-11-07,19:43:42,-08:00,2025-11-07T19:43:42-08:00,0,5
index.html,9,html,00000000,Not Committed Yet,2025-11-07,19:43:42,-08:00,2025-11-07T19:43:42-08:00,0,4
index.html,10,html,00000000,Not Committed Yet,2025-11-07,19:43:42,-08:00,2025-11-07T19:43:42-08:00,2,8
index.html,11,html,00000000,Not Committed Yet,2025-11-07,19:43:42,-08:00,2025-11-07T19:43:42-08:00,2,17
index.html,12,html,00000000,Not Committed Yet,2025-11-07,19:43:42,-08:00,2025-11-07T19:43:42-08:00,2,40
index.html,13,html,00000000,Not Committed Yet,2025-11-07,19:43:42,-08:00,2025-11-07T19:43:42-08:00,2,38
index.html,14,html,00000000,Not Committed Yet,2025-11-07,19:43:42,-08:00,2025-11-07T19:43:42-08:00,2,39
index.html,15,html,00000000,Not Committed Yet,2025-11-07,19:43:42,-08:00,2025-11-07T19:43:42-08:00,2,62
index.html,16,html,00000000,Not Committed Yet,2025-11-07,19:43:42,-08:00,2025-11-07T19:43:42-08:00,2,8
index.html,17,html,00000000,Not Committed Yet,2025-11-07,19:43:42,-08:00,2025-11-07T19:43:42-08:00,2,7
index.html,18,html,00000000,Not Committed Yet,2025-11-07,19:43:42,-08:00,2025-11-07T19:43:42-08:00,2,22
index.html,19,html,00000000,Not Committed Yet,2025-11-07,19:43:42,-08:00,2025-11-07T19:43:42-08:00,2,26
index.html,20,html,00000000,Not Committed Yet,2025-11-07,19:43:42,-08:00,2025-11-07T19:43:42-08:00,2,8
index.html,21,html,00000000,Not Committed Yet,2025-11-07,19:43:42,-08:00,2025-11-07T19:43:42-08:00,0,0
index.html,22,html,00000000,Not Committed Yet,2025-11-07,19:43:42,-08:00,2025-11-07T19:43:42-08:00,2,7
index.html,23,html,00000000,Not Committed Yet,2025-11-07,19:43:42,-08:00,2025-11-07T19:43:42-08:00,4,27
index.html,24,html,00000000,Not Committed Yet,2025-11-07,19:43:42,-08:00,2025-11-07T19:43:42-08:00,4,28
index.html,25,html,00000000,Not Committed Yet,2025-11-07,19:43:42,-08:00,2025-11-07T19:43:42-08:00,2,8
index.html,26,html,00000000,Not Committed Yet,2025-11-07,19:43:42,-08:00,2025-11-07T19:43:42-08:00,0,0
index.html,27,html,00000000,Not Committed Yet,2025-11-07,19:43:42,-08:00,2025-11-07T19:43:42-08:00,0,0
index.html,28,html,00000000,Not Committed Yet,2025-11-07,19:43:42,-08:00,2025-11-07T19:43:42-08:00,2,18
index.html,29,html,00000000,Not Committed Yet,2025-11-07,19:43:42,-08:00,2025-11-07T19:43:42-08:00,2,4
index.html,30,html,00000000,Not Committed Yet,2025-11-07,19:43:42,-08:00,2025-11-07T19:43:42-08:00,4,22
index.html,31,html,00000000,Not Committed Yet,2025-11-07,19:43:42,-08:00,2025-11-07T19:43:42-08:00,4,15
index.html,32,html,00000000,Not Committed Yet,2025-11-07,19:43:42,-08:00,2025-11-07T19:43:42-08:00,4,83
index.html,33,html,00000000,Not Committed Yet,2025-11-07,19:43:42,-08:00,2025-11-07T19:43:42-08:00,6,71
index.html,34,html,00000000,Not Committed Yet,2025-11-07,19:43:42,-08:00,2025-11-07T19:43:42-08:00,6,71
index.html,35,html,00000000,Not Committed Yet,2025-11-07,19:43:42,-08:00,2025-11-07T19:43:42-08:00,6,62
index.html,36,html,00000000,Not Committed Yet,2025-11-07,19:43:42,-08:00,2025-11-07T19:43:42-08:00,6,62
index.html,37,html,00000000,Not Committed Yet,2025-11-07,19:43:42,-08:00,2025-11-07T19:43:42-08:00,6,44
index.html,38,html,00000000,Not Committed Yet,2025-11-07,19:43:42,-08:00,2025-11-07T19:43:42-08:00,4,2
index.html,39,html,00000000,Not Committed Yet,2025-11-07,19:43:42,-08:00,2025-11-07T19:43:42-08:00,4,8
index.html,40,html,00000000,Not Committed Yet,2025-11-07,19:43:42,-08:00,2025-11-07T19:43:42-08:00,4,34
index.html,41,html,00000000,Not Committed Yet,2025-11-07,19:43:42,-08:00,2025-11-07T19:43:42-08:00,6,41
index.html,42,html,00000000,Not Committed Yet,2025-11-07,19:43:42,-08:00,2025-11-07T19:43:42-08:00,6,1
index.html,43,html,00000000,Not Committed Yet,2025-11-07,19:43:42,-08:00,2025-11-07T19:43:42-08:00,6,101
index.html,44,html,00000000,Not Committed Yet,2025-11-07,19:43:42,-08:00,2025-11-07T19:43:42-08:00,6,95
index.html,45,html,00000000,Not Committed Yet,2025-11-07,19:43:42,-08:00,2025-11-07T19:43:42-08:00,6,92
index.html,46,html,00000000,Not Committed Yet,2025-11-07,19:43:42,-08:00,2025-11-07T19:43:42-08:00,6,2
index.html,47,html,00000000,Not Committed Yet,2025-11-07,19:43:42,-08:00,2025-11-07T19:43:42-08:00,0,0
index.html,48,html,00000000,Not Committed Yet,2025-11-07,19:43:42,-08:00,2025-11-07T19:43:42-08:00,4,7
index.html,49,html,00000000,Not Committed Yet,2025-11-07,19:43:42,-08:00,2025-11-07T19:43:42-08:00,6,35
index.html,50,html,00000000,Not Committed Yet,2025-11-07,19:43:42,-08:00,2025-11-07T19:43:42-08:00,6,51
index.html,51,html,00000000,Not Committed Yet,2025-11-07,19:43:42,-08:00,2025-11-07T19:43:42-08:00,4,8
index.html,52,html,00000000,Not Committed Yet,2025-11-07,19:43:42,-08:00,2025-11-07T19:43:42-08:00,4,8
index.html,53,html,00000000,Not Committed Yet,2025-11-07,19:43:42,-08:00,2025-11-07T19:43:42-08:00,0,0
index.html,54,html,00000000,Not Committed Yet,2025-11-07,19:43:42,-08:00,2025-11-07T19:43:42-08:00,2,5
index.html,55,html,00000000,Not Committed Yet,2025-11-07,19:43:42,-08:00,2025-11-07T19:43:42-08:00,0,45
index.html,56,html,00000000,Not Committed Yet,2025-11-07,19:43:42,-08:00,2025-11-07T19:43:42-08:00,0,44
index.html,57,html,00000000,Not Committed Yet,2025-11-07,19:43:42,-08:00,2025-11-07T19:43:42-08:00,0,0
index.html,58,html,00000000,Not Committed Yet,2025-11-07,19:43:42,-08:00,2025-11-07T19:43:42-08:00,0,5
index.html,59,html,00000000,Not Committed Yet,2025-11-07,19:43:42,-08:00,2025-11-07T19:43:42-08:00,0,5
global.js,1,js,00000000,Not Committed Yet,2025-11-07,19:43:42,-08:00,2025-11-07T19:43:42-08:00,0,25
global.js,2,js,00000000,Not Committed Yet,2025-11-07,19:43:42,-08:00,2025-11-07T19:43:42-08:00,0,0
global.js,3,js,00000000,Not Committed Yet,2025-11-07,19:43:42,-08:00,2025-11-07T19:43:42-08:00,0,41
global.js,4,js,00000000,Not Committed Yet,2025-11-07,19:43:42,-08:00,2025-11-07T19:43:42-08:00,1,52
global.js,5,js,00000000,Not Committed Yet,2025-11-07,19:43:42,-08:00,2025-11-07T19:43:42-08:00,0,0
global.js,6,js,00000000,Not Committed Yet,2025-11-07,19:43:42,-08:00,2025-11-07T19:43:42-08:00,0,28
global.js,7,js,00000000,Not Committed Yet,2025-11-07,19:43:42,-08:00,2025-11-07T19:43:42-08:00,0,23
global.js,8,js,00000000,Not Committed Yet,2025-11-07,19:43:42,-08:00,2025-11-07T19:43:42-08:00,0,0
global.js,9,js,00000000,Not Committed Yet,2025-11-07,19:43:42,-08:00,2025-11-07T19:43:42-08:00,0,0
global.js,10,js,00000000,Not Committed Yet,2025-11-07,19:43:42,-08:00,2025-11-07T19:43:42-08:00,0,33
global.js,11,js,00000000,Not Committed Yet,2025-11-07,19:43:42,-08:00,2025-11-07T19:43:42-08:00,0,71
global.js,12,js,00000000,Not Committed Yet,2025-11-07,19:43:42,-08:00,2025-11-07T19:43:42-08:00,0,3
global.js,13,js,00000000,Not Committed Yet,2025-11-07,19:43:42,-08:00,2025-11-07T19:43:42-08:00,0,0
global.js,14,js,00000000,Not Committed Yet,2025-11-07,19:43:42,-08:00,2025-11-07T19:43:42-08:00,0,38
global.js,15,js,00000000,Not Committed Yet,2025-11-07,19:43:42,-08:00,2025-11-07T19:43:42-08:00,0,0
global.js,16,js,00000000,Not Committed Yet,2025-11-07,19:43:42,-08:00,2025-11-07T19:43:42-08:00,0,0
global.js,17,js,00000000,Not Committed Yet,2025-11-07,19:43:42,-08:00,2025-11-07T19:43:42-08:00,0,11
global.js,18,js,00000000,Not Committed Yet,2025-11-07,19:43:42,-08:00,2025-11-07T19:43:42-08:00,1,25
global.js,19,js,00000000,Not Committed Yet,2025-11-07,19:43:42,-08:00,2025-11-07T19:43:42-08:00,1,38
global.js,20,js,00000000,Not Committed Yet,2025-11-07,19:43:42,-08:00,2025-11-07T19:43:42-08:00,1,36
global.js,21,js,00000000,Not Committed Yet,2025-11-07,19:43:42,-08:00,2025-11-07T19:43:42-08:00,1,37
global.js,22,js,00000000,Not Committed Yet,2025-11-07,19:43:42,-08:00,2025-11-07T19:43:42-08:00,1,54
global.js,23,js,00000000,Not Committed Yet,2025-11-07,19:43:42,-08:00,2025-11-07T19:43:42-08:00,0,0
global.js,24,js,00000000,Not Committed Yet,2025-11-07,19:43:42,-08:00,2025-11-07T19:43:42-08:00,0,0
global.js,25,js,00000000,Not Committed Yet,2025-11-07,19:43:42,-08:00,2025-11-07T19:43:42-08:00,0,38
global.js,26,js,00000000,Not Committed Yet,2025-11-07,19:43:42,-08:00,2025-11-07T19:43:42-08:00,0,25
global.js,27,js,00000000,Not Committed Yet,2025-11-07,19:43:42,-08:00,2025-11-07T19:43:42-08:00,0,0
global.js,28,js,00000000,Not Committed Yet,2025-11-07,19:43:42,-08:00,2025-11-07T19:43:42-08:00,0,17
global.js,29,js,00000000,Not Committed Yet,2025-11-07,19:43:42,-08:00,2025-11-07T19:43:42-08:00,1,34
global.js,30,js,00000000,Not Committed Yet,2025-11-07,19:43:42,-08:00,2025-11-07T19:43:42-08:00,1,31
global.js,31,js,00000000,Not Committed Yet,2025-11-07,19:43:42,-08:00,2025-11-07T19:43:42-08:00,0,0
global.js,32,js,00000000,Not Committed Yet,2025-11-07,19:43:42,-08:00,2025-11-07T19:43:42-08:00,1,3
global.js,33,js,00000000,Not Committed Yet,2025-11-07,19:43:42,-08:00,2025-11-07T19:43:42-08:00,1,14
global.js,34,js,00000000,Not Committed Yet,2025-11-07,19:43:42,-08:00,2025-11-07T19:43:42-08:00,0,0
global.js,35,js,00000000,Not Committed Yet,2025-11-07,19:43:42,-08:00,2025-11-07T19:43:42-08:00,0,20
global.js,36,js,00000000,Not Committed Yet,2025-11-07,19:43:42,-08:00,2025-11-07T19:43:42-08:00,1,62
global.js,37,js,00000000,Not Committed Yet,2025-11-07,19:43:42,-08:00,2025-11-07T19:43:42-08:00,1,18
global.js,38,js,00000000,Not Committed Yet,2025-11-07,19:43:42,-08:00,2025-11-07T19:43:42-08:00,0,0
global.js,39,js,00000000,Not Committed Yet,2025-11-07,19:43:42,-08:00,2025-11-07T19:43:42-08:00,1,34
global.js,40,js,00000000,Not Committed Yet,2025-11-07,19:43:42,-08:00,2025-11-07T19:43:42-08:00,1,11
global.js,41,js,00000000,Not Committed Yet,2025-11-07,19:43:42,-08:00,2025-11-07T19:43:42-08:00,1,20
global.js,42,js,00000000,Not Committed Yet,2025-11-07,19:43:42,-08:00,2025-11-07T19:43:42-08:00,0,0
global.js,43,js,00000000,Not Committed Yet,2025-11-07,19:43:42,-08:00,2025-11-07T19:43:42-08:00,1,65
global.js,44,js,00000000,Not Committed Yet,2025-11-07,19:43:42,-08:00,2025-11-07T19:43:42-08:00,2,25
global.js,45,js,00000000,Not Committed Yet,2025-11-07,19:43:42,-08:00,2025-11-07T19:43:42-08:00,1,0
global.js,46,js,00000000,Not Committed Yet,2025-11-07,19:43:42,-08:00,2025-11-07T19:43:42-08:00,0,0
global.js,47,js,00000000,Not Committed Yet,2025-11-07,19:43:42,-08:00,2025-11-07T19:43:42-08:00,1,29
global.js,48,js,00000000,Not Committed Yet,2025-11-07,19:43:42,-08:00,2025-11-07T19:43:42-08:00,2,18
global.js,49,js,00000000,Not Committed Yet,2025-11-07,19:43:42,-08:00,2025-11-07T19:43:42-08:00,1,0
global.js,50,js,00000000,Not Committed Yet,2025-11-07,19:43:42,-08:00,2025-11-07T19:43:42-08:00,0,0
global.js,51,js,00000000,Not Committed Yet,2025-11-07,19:43:42,-08:00,2025-11-07T19:43:42-08:00,1,12
global.js,52,js,00000000,Not Committed Yet,2025-11-07,19:43:42,-08:00,2025-11-07T19:43:42-08:00,0,0
global.js,53,js,00000000,Not Committed Yet,2025-11-07,19:43:42,-08:00,2025-11-07T19:43:42-08:00,0,0
global.js,54,js,00000000,Not Committed Yet,2025-11-07,19:43:42,-08:00,2025-11-07T19:43:42-08:00,0,0
global.js,55,js,00000000,Not Committed Yet,2025-11-07,19:43:42,-08:00,2025-11-07T19:43:42-08:00,0,31
global.js,56,js,00000000,Not Committed Yet,2025-11-07,19:43:42,-08:00,2025-11-07T19:43:42-08:00,1,11
global.js,57,js,00000000,Not Committed Yet,2025-11-07,19:43:42,-08:00,2025-11-07T19:43:42-08:00,1,27
global.js,58,js,00000000,Not Committed Yet,2025-11-07,19:43:42,-08:00,2025-11-07T19:43:42-08:00,2,4
global.js,59,js,00000000,Not Committed Yet,2025-11-07,19:43:42,-08:00,2025-11-07T19:43:42-08:00,2,6
global.js,60,js,00000000,Not Committed Yet,2025-11-07,19:43:42,-08:00,2025-11-07T19:43:42-08:00,3,43
global.js,61,js,00000000,Not Committed Yet,2025-11-07,19:43:42,-08:00,2025-11-07T19:43:42-08:00,3,34
global.js,62,js,00000000,Not Committed Yet,2025-11-07,19:43:42,-08:00,2025-11-07T19:43:42-08:00,3,32
global.js,63,js,00000000,Not Committed Yet,2025-11-07,19:43:42,-08:00,2025-11-07T19:43:42-08:00,2,7
global.js,64,js,00000000,Not Committed Yet,2025-11-07,19:43:42,-08:00,2025-11-07T19:43:42-08:00,1,7
global.js,65,js,00000000,Not Committed Yet,2025-11-07,19:43:42,-08:00,2025-11-07T19:43:42-08:00,0,0
global.js,66,js,00000000,Not Committed Yet,2025-11-07,19:43:42,-08:00,2025-11-07T19:43:42-08:00,0,0
global.js,67,js,00000000,Not Committed Yet,2025-11-07,19:43:42,-08:00,2025-11-07T19:43:42-08:00,0,0
global.js,68,js,00000000,Not Committed Yet,2025-11-07,19:43:42,-08:00,2025-11-07T19:43:42-08:00,0,60
global.js,69,js,00000000,Not Committed Yet,2025-11-07,19:43:42,-08:00,2025-11-07T19:43:42-08:00,0,0
global.js,70,js,00000000,Not Committed Yet,2025-11-07,19:43:42,-08:00,2025-11-07T19:43:42-08:00,0,0
global.js,71,js,00000000,Not Committed Yet,2025-11-07,19:43:42,-08:00,2025-11-07T19:43:42-08:00,0,53
global.js,72,js,00000000,Not Committed Yet,2025-11-07,19:43:42,-08:00,2025-11-07T19:43:42-08:00,0,0
global.js,73,js,00000000,Not Committed Yet,2025-11-07,19:43:42,-08:00,2025-11-07T19:43:42-08:00,0,0
global.js,74,js,00000000,Not Committed Yet,2025-11-07,19:43:42,-08:00,2025-11-07T19:43:42-08:00,0,64
global.js,75,js,00000000,Not Committed Yet,2025-11-07,19:43:42,-08:00,2025-11-07T19:43:42-08:00,0,19
global.js,76,js,00000000,Not Committed Yet,2025-11-07,19:43:42,-08:00,2025-11-07T19:43:42-08:00,0,0
global.js,77,js,00000000,Not Committed Yet,2025-11-07,19:43:42,-08:00,2025-11-07T19:43:42-08:00,0,0
global.js,78,js,00000000,Not Committed Yet,2025-11-07,19:43:42,-08:00,2025-11-07T19:43:42-08:00,0,43
global.js,79,js,00000000,Not Committed Yet,2025-11-07,19:43:42,-08:00,2025-11-07T19:43:42-08:00,1,31
global.js,80,js,00000000,Not Committed Yet,2025-11-07,19:43:42,-08:00,2025-11-07T19:43:42-08:00,1,64
global.js,81,js,00000000,Not Committed Yet,2025-11-07,19:43:42,-08:00,2025-11-07T19:43:42-08:00,1,31
global.js,82,js,00000000,Not Committed Yet,2025-11-07,19:43:42,-08:00,2025-11-07T19:43:42-08:00,1,44
global.js,83,js,00000000,Not Committed Yet,2025-11-07,19:43:42,-08:00,2025-11-07T19:43:42-08:00,0,1
global.js,84,js,00000000,Not Committed Yet,2025-11-07,19:43:42,-08:00,2025-11-07T19:43:42-08:00,0,0
global.js,85,js,00000000,Not Committed Yet,2025-11-07,19:43:42,-08:00,2025-11-07T19:43:42-08:00,0,0
global.js,86,js,00000000,Not Committed Yet,2025-11-07,19:43:42,-08:00,2025-11-07T19:43:42-08:00,0,51
global.js,87,js,00000000,Not Committed Yet,2025-11-07,19:43:42,-08:00,2025-11-07T19:43:42-08:00,0,0
global.js,88,js,00000000,Not Committed Yet,2025-11-07,19:43:42,-08:00,2025-11-07T19:43:42-08:00,0,39
global.js,89,js,00000000,Not Committed Yet,2025-11-07,19:43:42,-08:00,2025-11-07T19:43:42-08:00,1,17
global.js,90,js,00000000,Not Committed Yet,2025-11-07,19:43:42,-08:00,2025-11-07T19:43:42-08:00,1,30
global.js,91,js,00000000,Not Committed Yet,2025-11-07,19:43:42,-08:00,2025-11-07T19:43:42-08:00,1,16
global.js,92,js,00000000,Not Committed Yet,2025-11-07,19:43:42,-08:00,2025-11-07T19:43:42-08:00,0,0
global.js,93,js,00000000,Not Committed Yet,2025-11-07,19:43:42,-08:00,2025-11-07T19:43:42-08:00,1,33
global.js,94,js,00000000,Not Committed Yet,2025-11-07,19:43:42,-08:00,2025-11-07T19:43:42-08:00,2,50
global.js,95,js,00000000,Not Committed Yet,2025-11-07,19:43:42,-08:00,2025-11-07T19:43:42-08:00,1,0
global.js,96,js,00000000,Not Committed Yet,2025-11-07,19:43:42,-08:00,2025-11-07T19:43:42-08:00,0,0
global.js,97,js,00000000,Not Committed Yet,2025-11-07,19:43:42,-08:00,2025-11-07T19:43:42-08:00,1,47
global.js,98,js,00000000,Not Committed Yet,2025-11-07,19:43:42,-08:00,2025-11-07T19:43:42-08:00,1,18
global.js,99,js,00000000,Not Committed Yet,2025-11-07,19:43:42,-08:00,2025-11-07T19:43:42-08:00,0,1
global.js,100,js,00000000,Not Committed Yet,2025-11-07,19:43:42,-08:00,2025-11-07T19:43:42-08:00,0,0
global.js,101,js,00000000,Not Committed Yet,2025-11-07,19:43:42,-08:00,2025-11-07T19:43:42-08:00,0,0
global.js,102,js,00000000,Not Committed Yet,2025-11-07,19:43:42,-08:00,2025-11-07T19:43:42-08:00,0,0
global.js,103,js,00000000,Not Committed Yet,2025-11-07,19:43:42,-08:00,2025-11-07T19:43:42-08:00,0,0
global.js,104,js,00000000,Not Committed Yet,2025-11-07,19:43:42,-08:00,2025-11-07T19:43:42-08:00,0,22
global.js,105,js,00000000,Not Committed Yet,2025-11-07,19:43:42,-08:00,2025-11-07T19:43:42-08:00,0,0
global.js,106,js,00000000,Not Committed Yet,2025-11-07,19:43:42,-08:00,2025-11-07T19:43:42-08:00,0,18
global.js,107,js,00000000,Not Committed Yet,2025-11-07,19:43:42,-08:00,2025-11-07T19:43:42-08:00,0,36
global.js,108,js,00000000,Not Committed Yet,2025-11-07,19:43:42,-08:00,2025-11-07T19:43:42-08:00,1,3
global.js,109,js,00000000,Not Committed Yet,2025-11-07,19:43:42,-08:00,2025-11-07T19:43:42-08:00,2,32
global.js,110,js,00000000,Not Committed Yet,2025-11-07,19:43:42,-08:00,2025-11-07T19:43:42-08:00,2,17
global.js,111,js,00000000,Not Committed Yet,2025-11-07,19:43:42,-08:00,2025-11-07T19:43:42-08:00,3,83
global.js,112,js,00000000,Not Committed Yet,2025-11-07,19:43:42,-08:00,2025-11-07T19:43:42-08:00,2,0
global.js,113,js,00000000,Not Committed Yet,2025-11-07,19:43:42,-08:00,2025-11-07T19:43:42-08:00,2,27
global.js,114,js,00000000,Not Committed Yet,2025-11-07,19:43:42,-08:00,2025-11-07T19:43:42-08:00,1,13
global.js,115,js,00000000,Not Committed Yet,2025-11-07,19:43:42,-08:00,2025-11-07T19:43:42-08:00,2,39
global.js,116,js,00000000,Not Committed Yet,2025-11-07,19:43:42,-08:00,2025-11-07T19:43:42-08:00,2,43
global.js,117,js,00000000,Not Committed Yet,2025-11-07,19:43:42,-08:00,2025-11-07T19:43:42-08:00,1,0
global.js,118,js,00000000,Not Committed Yet,2025-11-07,19:43:42,-08:00,2025-11-07T19:43:42-08:00,0,0
global.js,119,js,00000000,Not Committed Yet,2025-11-07,19:43:42,-08:00,2025-11-07T19:43:42-08:00,0,0
global.js,120,js,00000000,Not Committed Yet,2025-11-07,19:43:42,-08:00,2025-11-07T19:43:42-08:00,0,52
global.js,121,js,00000000,Not Committed Yet,2025-11-07,19:43:42,-08:00,2025-11-07T19:43:42-08:00,0,79
global.js,122,js,00000000,Not Committed Yet,2025-11-07,19:43:42,-08:00,2025-11-07T19:43:42-08:00,1,22
global.js,123,js,00000000,Not Committed Yet,2025-11-07,19:43:42,-08:00,2025-11-07T19:43:42-08:00,2,55
global.js,124,js,00000000,Not Committed Yet,2025-11-07,19:43:42,-08:00,2025-11-07T19:43:42-08:00,2,5
global.js,125,js,00000000,Not Committed Yet,2025-11-07,19:43:42,-08:00,2025-11-07T19:43:42-08:00,1,0
global.js,126,js,00000000,Not Committed Yet,2025-11-07,19:43:42,-08:00,2025-11-07T19:43:42-08:00,1,53
global.js,127,js,00000000,Not Committed Yet,2025-11-07,19:43:42,-08:00,2025-11-07T19:43:42-08:00,1,54
global.js,128,js,00000000,Not Committed Yet,2025-11-07,19:43:42,-08:00,2025-11-07T19:43:42-08:00,0,0
global.js,129,js,00000000,Not Committed Yet,2025-11-07,19:43:42,-08:00,2025-11-07T19:43:42-08:00,1,30
global.js,130,js,00000000,Not Committed Yet,2025-11-07,19:43:42,-08:00,2025-11-07T19:43:42-08:00,1,54
global.js,131,js,00000000,Not Committed Yet,2025-11-07,19:43:42,-08:00,2025-11-07T19:43:42-08:00,2,61
global.js,132,js,00000000,Not Committed Yet,2025-11-07,19:43:42,-08:00,2025-11-07T19:43:42-08:00,2,5
global.js,133,js,00000000,Not Committed Yet,2025-11-07,19:43:42,-08:00,2025-11-07T19:43:42-08:00,1,0
global.js,134,js,00000000,Not Committed Yet,2025-11-07,19:43:42,-08:00,2025-11-07T19:43:42-08:00,0,0
global.js,135,js,00000000,Not Committed Yet,2025-11-07,19:43:42,-08:00,2025-11-07T19:43:42-08:00,1,25
global.js,136,js,00000000,Not Committed Yet,2025-11-07,19:43:42,-08:00,2025-11-07T19:43:42-08:00,2,48
global.js,137,js,00000000,Not Committed Yet,2025-11-07,19:43:42,-08:00,2025-11-07T19:43:42-08:00,2,42
global.js,138,js,00000000,Not Committed Yet,2025-11-07,19:43:42,-08:00,2025-11-07T19:43:42-08:00,2,70
global.js,139,js,00000000,Not Committed Yet,2025-11-07,19:43:42,-08:00,2025-11-07T19:43:42-08:00,2,31
global.js,140,js,00000000,Not Committed Yet,2025-11-07,19:43:42,-08:00,2025-11-07T19:43:42-08:00,2,19
global.js,141,js,00000000,Not Committed Yet,2025-11-07,19:43:42,-08:00,2025-11-07T19:43:42-08:00,3,19
global.js,142,js,00000000,Not Committed Yet,2025-11-07,19:43:42,-08:00,2025-11-07T19:43:42-08:00,3,31
global.js,143,js,00000000,Not Committed Yet,2025-11-07,19:43:42,-08:00,2025-11-07T19:43:42-08:00,3,12
global.js,144,js,00000000,Not Committed Yet,2025-11-07,19:43:42,-08:00,2025-11-07T19:43:42-08:00,2,0
global.js,145,js,00000000,Not Committed Yet,2025-11-07,19:43:42,-08:00,2025-11-07T19:43:42-08:00,2,36
global.js,146,js,00000000,Not Committed Yet,2025-11-07,19:43:42,-08:00,2025-11-07T19:43:42-08:00,1,0
global.js,147,js,00000000,Not Committed Yet,2025-11-07,19:43:42,-08:00,2025-11-07T19:43:42-08:00,0,0
global.js,148,js,00000000,Not Committed Yet,2025-11-07,19:43:42,-08:00,2025-11-07T19:43:42-08:00,0,0
global.js,149,js,00000000,Not Committed Yet,2025-11-07,19:43:42,-08:00,2025-11-07T19:43:42-08:00,0,18
global.js,150,js,00000000,Not Committed Yet,2025-11-07,19:43:42,-08:00,2025-11-07T19:43:42-08:00,0,47
global.js,151,js,00000000,Not Committed Yet,2025-11-07,19:43:42,-08:00,2025-11-07T19:43:42-08:00,1,79
global.js,152,js,00000000,Not Committed Yet,2025-11-07,19:43:42,-08:00,2025-11-07T19:43:42-08:00,0,0
Resume\index.html,1,html,00000000,Not Committed Yet,2025-11-07,19:43:42,-08:00,2025-11-07T19:43:42-08:00,0,13
Resume\index.html,2,html,00000000,Not Committed Yet,2025-11-07,19:43:42,-08:00,2025-11-07T19:43:42-08:00,0,14
Resume\index.html,3,html,00000000,Not Committed Yet,2025-11-07,19:43:42,-08:00,2025-11-07T19:43:42-08:00,0,4
Resume\index.html,4,html,00000000,Not Committed Yet,2025-11-07,19:43:42,-08:00,2025-11-07T19:43:42-08:00,2,20
Resume\index.html,5,html,00000000,Not Committed Yet,2025-11-07,19:43:42,-08:00,2025-11-07T19:43:42-08:00,2,68
Resume\index.html,6,html,00000000,Not Committed Yet,2025-11-07,19:43:42,-08:00,2025-11-07T19:43:42-08:00,2,53
Resume\index.html,7,html,00000000,Not Committed Yet,2025-11-07,19:43:42,-08:00,2025-11-07T19:43:42-08:00,2,41
Resume\index.html,8,html,00000000,Not Committed Yet,2025-11-07,19:43:42,-08:00,2025-11-07T19:43:42-08:00,0,5
Resume\index.html,9,html,00000000,Not Committed Yet,2025-11-07,19:43:42,-08:00,2025-11-07T19:43:42-08:00,0,4
Resume\index.html,10,html,00000000,Not Committed Yet,2025-11-07,19:43:42,-08:00,2025-11-07T19:43:42-08:00,2,8
Resume\index.html,11,html,00000000,Not Committed Yet,2025-11-07,19:43:42,-08:00,2025-11-07T19:43:42-08:00,4,30
Resume\index.html,12,html,00000000,Not Committed Yet,2025-11-07,19:43:42,-08:00,2025-11-07T19:43:42-08:00,4,43
Resume\index.html,13,html,00000000,Not Committed Yet,2025-11-07,19:43:42,-08:00,2025-11-07T19:43:42-08:00,4,41
Resume\index.html,14,html,00000000,Not Committed Yet,2025-11-07,19:43:42,-08:00,2025-11-07T19:43:42-08:00,4,22
Resume\index.html,15,html,00000000,Not Committed Yet,2025-11-07,19:43:42,-08:00,2025-11-07T19:43:42-08:00,4,62
Resume\index.html,16,html,00000000,Not Committed Yet,2025-11-07,19:43:42,-08:00,2025-11-07T19:43:42-08:00,2,8
Resume\index.html,17,html,00000000,Not Committed Yet,2025-11-07,19:43:42,-08:00,2025-11-07T19:43:42-08:00,0,0
Resume\index.html,18,html,00000000,Not Committed Yet,2025-11-07,19:43:42,-08:00,2025-11-07T19:43:42-08:00,0,0
Resume\index.html,19,html,00000000,Not Committed Yet,2025-11-07,19:43:42,-08:00,2025-11-07T19:43:42-08:00,2,14
Resume\index.html,20,html,00000000,Not Committed Yet,2025-11-07,19:43:42,-08:00,2025-11-07T19:43:42-08:00,4,16
Resume\index.html,21,html,00000000,Not Committed Yet,2025-11-07,19:43:42,-08:00,2025-11-07T19:43:42-08:00,2,0
Resume\index.html,22,html,00000000,Not Committed Yet,2025-11-07,19:43:42,-08:00,2025-11-07T19:43:42-08:00,2,1
Resume\index.html,23,html,00000000,Not Committed Yet,2025-11-07,19:43:42,-08:00,2025-11-07T19:43:42-08:00,3,60
Resume\index.html,24,html,00000000,Not Committed Yet,2025-11-07,19:43:42,-08:00,2025-11-07T19:43:42-08:00,2,2
Resume\index.html,25,html,00000000,Not Committed Yet,2025-11-07,19:43:42,-08:00,2025-11-07T19:43:42-08:00,2,7
Resume\index.html,26,html,00000000,Not Committed Yet,2025-11-07,19:43:42,-08:00,2025-11-07T19:43:42-08:00,4,16
Resume\index.html,27,html,00000000,Not Committed Yet,2025-11-07,19:43:42,-08:00,2025-11-07T19:43:42-08:00,4,72
Resume\index.html,28,html,00000000,Not Committed Yet,2025-11-07,19:43:42,-08:00,2025-11-07T19:43:42-08:00,2,8
Resume\index.html,29,html,00000000,Not Committed Yet,2025-11-07,19:43:42,-08:00,2025-11-07T19:43:42-08:00,0,0
Resume\index.html,30,html,00000000,Not Committed Yet,2025-11-07,19:43:42,-08:00,2025-11-07T19:43:42-08:00,2,7
Resume\index.html,31,html,00000000,Not Committed Yet,2025-11-07,19:43:42,-08:00,2025-11-07T19:43:42-08:00,4,17
Resume\index.html,32,html,00000000,Not Committed Yet,2025-11-07,19:43:42,-08:00,2025-11-07T19:43:42-08:00,4,2
Resume\index.html,33,html,00000000,Not Committed Yet,2025-11-07,19:43:42,-08:00,2025-11-07T19:43:42-08:00,6,101
Resume\index.html,34,html,00000000,Not Committed Yet,2025-11-07,19:43:42,-08:00,2025-11-07T19:43:42-08:00,6,117
Resume\index.html,35,html,00000000,Not Committed Yet,2025-11-07,19:43:42,-08:00,2025-11-07T19:43:42-08:00,6,122
Resume\index.html,36,html,00000000,Not Committed Yet,2025-11-07,19:43:42,-08:00,2025-11-07T19:43:42-08:00,6,143
Resume\index.html,37,html,00000000,Not Committed Yet,2025-11-07,19:43:42,-08:00,2025-11-07T19:43:42-08:00,6,129
Resume\index.html,38,html,00000000,Not Committed Yet,2025-11-07,19:43:42,-08:00,2025-11-07T19:43:42-08:00,6,132
Resume\index.html,39,html,00000000,Not Committed Yet,2025-11-07,19:43:42,-08:00,2025-11-07T19:43:42-08:00,6,138
Resume\index.html,40,html,00000000,Not Committed Yet,2025-11-07,19:43:42,-08:00,2025-11-07T19:43:42-08:00,4,3
Resume\index.html,41,html,00000000,Not Committed Yet,2025-11-07,19:43:42,-08:00,2025-11-07T19:43:42-08:00,2,8
Resume\index.html,42,html,00000000,Not Committed Yet,2025-11-07,19:43:42,-08:00,2025-11-07T19:43:42-08:00,0,0
Resume\index.html,43,html,00000000,Not Committed Yet,2025-11-07,19:43:42,-08:00,2025-11-07T19:43:42-08:00,2,7
Resume\index.html,44,html,00000000,Not Committed Yet,2025-11-07,19:43:42,-08:00,2025-11-07T19:43:42-08:00,4,20
Resume\index.html,45,html,00000000,Not Committed Yet,2025-11-07,19:43:42,-08:00,2025-11-07T19:43:42-08:00,4,2
Resume\index.html,46,html,00000000,Not Committed Yet,2025-11-07,19:43:42,-08:00,2025-11-07T19:43:42-08:00,6,80
Resume\index.html,47,html,00000000,Not Committed Yet,2025-11-07,19:43:42,-08:00,2025-11-07T19:43:42-08:00,8,73
Resume\index.html,48,html,00000000,Not Committed Yet,2025-11-07,19:43:42,-08:00,2025-11-07T19:43:42-08:00,6,7
Resume\index.html,49,html,00000000,Not Committed Yet,2025-11-07,19:43:42,-08:00,2025-11-07T19:43:42-08:00,6,62
Resume\index.html,50,html,00000000,Not Committed Yet,2025-11-07,19:43:42,-08:00,2025-11-07T19:43:42-08:00,8,35
Resume\index.html,51,html,00000000,Not Committed Yet,2025-11-07,19:43:42,-08:00,2025-11-07T19:43:42-08:00,6,7
Resume\index.html,52,html,00000000,Not Committed Yet,2025-11-07,19:43:42,-08:00,2025-11-07T19:43:42-08:00,4,3
Resume\index.html,53,html,00000000,Not Committed Yet,2025-11-07,19:43:42,-08:00,2025-11-07T19:43:42-08:00,2,8
Resume\index.html,54,html,00000000,Not Committed Yet,2025-11-07,19:43:42,-08:00,2025-11-07T19:43:42-08:00,0,0
Resume\index.html,55,html,00000000,Not Committed Yet,2025-11-07,19:43:42,-08:00,2025-11-07T19:43:42-08:00,2,4
Resume\index.html,56,html,00000000,Not Committed Yet,2025-11-07,19:43:42,-08:00,2025-11-07T19:43:42-08:00,0,48
Resume\index.html,57,html,00000000,Not Committed Yet,2025-11-07,19:43:42,-08:00,2025-11-07T19:43:42-08:00,0,0
Resume\index.html,58,html,00000000,Not Committed Yet,2025-11-07,19:43:42,-08:00,2025-11-07T19:43:42-08:00,0,5
Resume\index.html,59,html,1791b815,NFNeuweg,2025-10-10,17:13:35,-07:00,2025-10-10T17:13:35-07:00,0,5
projects\projects.js,1,js,00000000,Not Committed Yet,2025-11-07,19:43:42,-08:00,2025-11-07T19:43:42-08:00,0,55
projects\projects.js,2,js,00000000,Not Committed Yet,2025-11-07,19:43:42,-08:00,2025-11-07T19:43:42-08:00,0,63
projects\projects.js,3,js,00000000,Not Committed Yet,2025-11-07,19:43:42,-08:00,2025-11-07T19:43:42-08:00,0,0
projects\projects.js,4,js,00000000,Not Committed Yet,2025-11-07,19:43:42,-08:00,2025-11-07T19:43:42-08:00,0,57
projects\projects.js,5,js,00000000,Not Committed Yet,2025-11-07,19:43:42,-08:00,2025-11-07T19:43:42-08:00,0,63
projects\projects.js,6,js,00000000,Not Committed Yet,2025-11-07,19:43:42,-08:00,2025-11-07T19:43:42-08:00,0,43
projects\projects.js,7,js,00000000,Not Committed Yet,2025-11-07,19:43:42,-08:00,2025-11-07T19:43:42-08:00,0,0
projects\projects.js,8,js,00000000,Not Committed Yet,2025-11-07,19:43:42,-08:00,2025-11-07T19:43:42-08:00,0,12
projects\projects.js,9,js,00000000,Not Committed Yet,2025-11-07,19:43:42,-08:00,2025-11-07T19:43:42-08:00,0,48
projects\projects.js,10,js,00000000,Not Committed Yet,2025-11-07,19:43:42,-08:00,2025-11-07T19:43:42-08:00,0,42
projects\projects.js,11,js,00000000,Not Committed Yet,2025-11-07,19:43:42,-08:00,2025-11-07T19:43:42-08:00,0,34
projects\projects.js,12,js,00000000,Not Committed Yet,2025-11-07,19:43:42,-08:00,2025-11-07T19:43:42-08:00,0,55
projects\projects.js,13,js,00000000,Not Committed Yet,2025-11-07,19:43:42,-08:00,2025-11-07T19:43:42-08:00,0,56
projects\projects.js,14,js,00000000,Not Committed Yet,2025-11-07,19:43:42,-08:00,2025-11-07T19:43:42-08:00,0,0
projects\projects.js,15,js,00000000,Not Committed Yet,2025-11-07,19:43:42,-08:00,2025-11-07T19:43:42-08:00,0,68
projects\projects.js,16,js,00000000,Not Committed Yet,2025-11-07,19:43:42,-08:00,2025-11-07T19:43:42-08:00,0,0
projects\projects.js,17,js,00000000,Not Committed Yet,2025-11-07,19:43:42,-08:00,2025-11-07T19:43:42-08:00,0,8
projects\projects.js,18,js,00000000,Not Committed Yet,2025-11-07,19:43:42,-08:00,2025-11-07T19:43:42-08:00,0,50
projects\projects.js,19,js,00000000,Not Committed Yet,2025-11-07,19:43:42,-08:00,2025-11-07T19:43:42-08:00,0,48
projects\projects.js,20,js,00000000,Not Committed Yet,2025-11-07,19:43:42,-08:00,2025-11-07T19:43:42-08:00,0,0
projects\projects.js,21,js,00000000,Not Committed Yet,2025-11-07,19:43:42,-08:00,2025-11-07T19:43:42-08:00,0,27
projects\projects.js,22,js,00000000,Not Committed Yet,2025-11-07,19:43:42,-08:00,2025-11-07T19:43:42-08:00,1,79
projects\projects.js,23,js,00000000,Not Committed Yet,2025-11-07,19:43:42,-08:00,2025-11-07T19:43:42-08:00,1,56
projects\projects.js,24,js,00000000,Not Committed Yet,2025-11-07,19:43:42,-08:00,2025-11-07T19:43:42-08:00,0,0
projects\projects.js,25,js,00000000,Not Committed Yet,2025-11-07,19:43:42,-08:00,2025-11-07T19:43:42-08:00,0,0
projects\projects.js,26,js,00000000,Not Committed Yet,2025-11-07,19:43:42,-08:00,2025-11-07T19:43:42-08:00,0,31
projects\projects.js,27,js,00000000,Not Committed Yet,2025-11-07,19:43:42,-08:00,2025-11-07T19:43:42-08:00,1,18
projects\projects.js,28,js,00000000,Not Committed Yet,2025-11-07,19:43:42,-08:00,2025-11-07T19:43:42-08:00,1,29
projects\projects.js,29,js,00000000,Not Committed Yet,2025-11-07,19:43:42,-08:00,2025-11-07T19:43:42-08:00,1,81
projects\projects.js,30,js,00000000,Not Committed Yet,2025-11-07,19:43:42,-08:00,2025-11-07T19:43:42-08:00,0,0
projects\projects.js,31,js,00000000,Not Committed Yet,2025-11-07,19:43:42,-08:00,2025-11-07T19:43:42-08:00,0,0
projects\projects.js,32,js,00000000,Not Committed Yet,2025-11-07,19:43:42,-08:00,2025-11-07T19:43:42-08:00,0,6
projects\projects.js,33,js,00000000,Not Committed Yet,2025-11-07,19:43:42,-08:00,2025-11-07T19:43:42-08:00,0,20
projects\projects.js,34,js,00000000,Not Committed Yet,2025-11-07,19:43:42,-08:00,2025-11-07T19:43:42-08:00,0,21
projects\projects.js,35,js,00000000,Not Committed Yet,2025-11-07,19:43:42,-08:00,2025-11-07T19:43:42-08:00,0,0
projects\projects.js,36,js,00000000,Not Committed Yet,2025-11-07,19:43:42,-08:00,2025-11-07T19:43:42-08:00,0,10
projects\projects.js,37,js,00000000,Not Committed Yet,2025-11-07,19:43:42,-08:00,2025-11-07T19:43:42-08:00,0,22
projects\projects.js,38,js,00000000,Not Committed Yet,2025-11-07,19:43:42,-08:00,2025-11-07T19:43:42-08:00,1,30
projects\projects.js,39,js,00000000,Not Committed Yet,2025-11-07,19:43:42,-08:00,2025-11-07T19:43:42-08:00,1,45
projects\projects.js,40,js,00000000,Not Committed Yet,2025-11-07,19:43:42,-08:00,2025-11-07T19:43:42-08:00,1,33
projects\projects.js,41,js,00000000,Not Committed Yet,2025-11-07,19:43:42,-08:00,2025-11-07T19:43:42-08:00,0,0
projects\projects.js,42,js,00000000,Not Committed Yet,2025-11-07,19:43:42,-08:00,2025-11-07T19:43:42-08:00,1,29
projects\projects.js,43,js,00000000,Not Committed Yet,2025-11-07,19:43:42,-08:00,2025-11-07T19:43:42-08:00,1,30
projects\projects.js,44,js,00000000,Not Committed Yet,2025-11-07,19:43:42,-08:00,2025-11-07T19:43:42-08:00,0,0
projects\projects.js,45,js,00000000,Not Committed Yet,2025-11-07,19:43:42,-08:00,2025-11-07T19:43:42-08:00,1,23
projects\projects.js,46,js,00000000,Not Committed Yet,2025-11-07,19:43:42,-08:00,2025-11-07T19:43:42-08:00,2,16
projects\projects.js,47,js,00000000,Not Committed Yet,2025-11-07,19:43:42,-08:00,2025-11-07T19:43:42-08:00,3,11
projects\projects.js,48,js,00000000,Not Committed Yet,2025-11-07,19:43:42,-08:00,2025-11-07T19:43:42-08:00,3,21
projects\projects.js,49,js,00000000,Not Committed Yet,2025-11-07,19:43:42,-08:00,2025-11-07T19:43:42-08:00,3,50
projects\projects.js,50,js,00000000,Not Committed Yet,2025-11-07,19:43:42,-08:00,2025-11-07T19:43:42-08:00,1,1
projects\projects.js,51,js,00000000,Not Committed Yet,2025-11-07,19:43:42,-08:00,2025-11-07T19:43:42-08:00,0,0
projects\projects.js,52,js,00000000,Not Committed Yet,2025-11-07,19:43:42,-08:00,2025-11-07T19:43:42-08:00,1,22
projects\projects.js,53,js,00000000,Not Committed Yet,2025-11-07,19:43:42,-08:00,2025-11-07T19:43:42-08:00,2,17
projects\projects.js,54,js,00000000,Not Committed Yet,2025-11-07,19:43:42,-08:00,2025-11-07T19:43:42-08:00,3,35
projects\projects.js,55,js,00000000,Not Committed Yet,2025-11-07,19:43:42,-08:00,2025-11-07T19:43:42-08:00,3,68
projects\projects.js,56,js,00000000,Not Committed Yet,2025-11-07,19:43:42,-08:00,2025-11-07T19:43:42-08:00,3,50
projects\projects.js,57,js,00000000,Not Committed Yet,2025-11-07,19:43:42,-08:00,2025-11-07T19:43:42-08:00,1,1
projects\projects.js,58,js,00000000,Not Committed Yet,2025-11-07,19:43:42,-08:00,2025-11-07T19:43:42-08:00,0,0
projects\projects.js,59,js,00000000,Not Committed Yet,2025-11-07,19:43:42,-08:00,2025-11-07T19:43:42-08:00,1,14
projects\projects.js,60,js,00000000,Not Committed Yet,2025-11-07,19:43:42,-08:00,2025-11-07T19:43:42-08:00,0,0
projects\projects.js,61,js,00000000,Not Committed Yet,2025-11-07,19:43:42,-08:00,2025-11-07T19:43:42-08:00,0,0
projects\projects.js,62,js,00000000,Not Committed Yet,2025-11-07,19:43:42,-08:00,2025-11-07T19:43:42-08:00,0,24
projects\projects.js,63,js,00000000,Not Committed Yet,2025-11-07,19:43:42,-08:00,2025-11-07T19:43:42-08:00,1,85
projects\projects.js,64,js,00000000,Not Committed Yet,2025-11-07,19:43:42,-08:00,2025-11-07T19:43:42-08:00,1,86
projects\projects.js,65,js,00000000,Not Committed Yet,2025-11-07,19:43:42,-08:00,2025-11-07T19:43:42-08:00,0,0
projects\projects.js,66,js,00000000,Not Committed Yet,2025-11-07,19:43:42,-08:00,2025-11-07T19:43:42-08:00,0,0
projects\projects.js,67,js,00000000,Not Committed Yet,2025-11-07,19:43:42,-08:00,2025-11-07T19:43:42-08:00,0,29
projects\projects.js,68,js,00000000,Not Committed Yet,2025-11-07,19:43:42,-08:00,2025-11-07T19:43:42-08:00,1,54
projects\projects.js,69,js,00000000,Not Committed Yet,2025-11-07,19:43:42,-08:00,2025-11-07T19:43:42-08:00,0,0
projects\projects.js,70,js,00000000,Not Committed Yet,2025-11-07,19:43:42,-08:00,2025-11-07T19:43:42-08:00,1,25
projects\projects.js,71,js,00000000,Not Committed Yet,2025-11-07,19:43:42,-08:00,2025-11-07T19:43:42-08:00,2,41
projects\projects.js,72,js,00000000,Not Committed Yet,2025-11-07,19:43:42,-08:00,2025-11-07T19:43:42-08:00,2,42
projects\projects.js,73,js,00000000,Not Committed Yet,2025-11-07,19:43:42,-08:00,2025-11-07T19:43:42-08:00,2,78
projects\projects.js,74,js,00000000,Not Committed Yet,2025-11-07,19:43:42,-08:00,2025-11-07T19:43:42-08:00,1,0
projects\projects.js,75,js,00000000,Not Committed Yet,2025-11-07,19:43:42,-08:00,2025-11-07T19:43:42-08:00,0,0
projects\projects.js,76,js,00000000,Not Committed Yet,2025-11-07,19:43:42,-08:00,2025-11-07T19:43:42-08:00,1,36
projects\projects.js,77,js,00000000,Not Committed Yet,2025-11-07,19:43:42,-08:00,2025-11-07T19:43:42-08:00,1,16
projects\projects.js,78,js,00000000,Not Committed Yet,2025-11-07,19:43:42,-08:00,2025-11-07T19:43:42-08:00,0,0
projects\projects.js,79,js,00000000,Not Committed Yet,2025-11-07,19:43:42,-08:00,2025-11-07T19:43:42-08:00,0,0
projects\projects.js,80,js,00000000,Not Committed Yet,2025-11-07,19:43:42,-08:00,2025-11-07T19:43:42-08:00,0,56
projects\projects.js,81,js,00000000,Not Committed Yet,2025-11-07,19:43:42,-08:00,2025-11-07T19:43:42-08:00,1,45
projects\projects.js,82,js,00000000,Not Committed Yet,2025-11-07,19:43:42,-08:00,2025-11-07T19:43:42-08:00,1,14
projects\projects.js,83,js,00000000,Not Committed Yet,2025-11-07,19:43:42,-08:00,2025-11-07T19:43:42-08:00,0,0
projects\projects.js,84,js,00000000,Not Committed Yet,2025-11-07,19:43:42,-08:00,2025-11-07T19:43:42-08:00,1,19
projects\projects.js,85,js,00000000,Not Committed Yet,2025-11-07,19:43:42,-08:00,2025-11-07T19:43:42-08:00,0,0
projects\projects.js,86,js,00000000,Not Committed Yet,2025-11-07,19:43:42,-08:00,2025-11-07T19:43:42-08:00,0,0
projects\projects.js,87,js,00000000,Not Committed Yet,2025-11-07,19:43:42,-08:00,2025-11-07T19:43:42-08:00,0,45
projects\projects.js,88,js,00000000,Not Committed Yet,2025-11-07,19:43:42,-08:00,2025-11-07T19:43:42-08:00,1,34
projects\projects.js,89,js,00000000,Not Committed Yet,2025-11-07,19:43:42,-08:00,2025-11-07T19:43:42-08:00,1,19
projects\projects.js,90,js,00000000,Not Committed Yet,2025-11-07,19:43:42,-08:00,2025-11-07T19:43:42-08:00,0,1
projects\projects.js,91,js,00000000,Not Committed Yet,2025-11-07,19:43:42,-08:00,2025-11-07T19:43:42-08:00,0,0
projects\projects.js,92,js,00000000,Not Committed Yet,2025-11-07,19:43:42,-08:00,2025-11-07T19:43:42-08:00,0,39
projects\projects.js,93,js,00000000,Not Committed Yet,2025-11-07,19:43:42,-08:00,2025-11-07T19:43:42-08:00,0,19
projects\index.html,1,html,00000000,Not Committed Yet,2025-11-07,19:43:42,-08:00,2025-11-07T19:43:42-08:00,0,13
projects\index.html,2,html,00000000,Not Committed Yet,2025-11-07,19:43:42,-08:00,2025-11-07T19:43:42-08:00,0,14
projects\index.html,3,html,00000000,Not Committed Yet,2025-11-07,19:43:42,-08:00,2025-11-07T19:43:42-08:00,0,4
projects\index.html,4,html,00000000,Not Committed Yet,2025-11-07,19:43:42,-08:00,2025-11-07T19:43:42-08:00,1,22
projects\index.html,5,html,00000000,Not Committed Yet,2025-11-07,19:43:42,-08:00,2025-11-07T19:43:42-08:00,1,68
projects\index.html,6,html,00000000,Not Committed Yet,2025-11-07,19:43:42,-08:00,2025-11-07T19:43:42-08:00,1,30
projects\index.html,7,html,00000000,Not Committed Yet,2025-11-07,19:43:42,-08:00,2025-11-07T19:43:42-08:00,1,43
projects\index.html,8,html,00000000,Not Committed Yet,2025-11-07,19:43:42,-08:00,2025-11-07T19:43:42-08:00,0,5
projects\index.html,9,html,00000000,Not Committed Yet,2025-11-07,19:43:42,-08:00,2025-11-07T19:43:42-08:00,0,4
projects\index.html,10,html,00000000,Not Committed Yet,2025-11-07,19:43:42,-08:00,2025-11-07T19:43:42-08:00,1,6
projects\index.html,11,html,00000000,Not Committed Yet,2025-11-07,19:43:42,-08:00,2025-11-07T19:43:42-08:00,2,38
projects\index.html,12,html,00000000,Not Committed Yet,2025-11-07,19:43:42,-08:00,2025-11-07T19:43:42-08:00,2,57
projects\index.html,13,html,00000000,Not Committed Yet,2025-11-07,19:43:42,-08:00,2025-11-07T19:43:42-08:00,1,7
projects\index.html,14,html,00000000,Not Committed Yet,2025-11-07,19:43:42,-08:00,2025-11-07T19:43:42-08:00,0,0
projects\index.html,15,html,00000000,Not Committed Yet,2025-11-07,19:43:42,-08:00,2025-11-07T19:43:42-08:00,1,13
projects\index.html,16,html,00000000,Not Committed Yet,2025-11-07,19:43:42,-08:00,2025-11-07T19:43:42-08:00,1,29
projects\index.html,17,html,00000000,Not Committed Yet,2025-11-07,19:43:42,-08:00,2025-11-07T19:43:42-08:00,2,99
projects\index.html,18,html,00000000,Not Committed Yet,2025-11-07,19:43:42,-08:00,2025-11-07T19:43:42-08:00,1,4
projects\index.html,19,html,00000000,Not Committed Yet,2025-11-07,19:43:42,-08:00,2025-11-07T19:43:42-08:00,0,0
projects\index.html,20,html,00000000,Not Committed Yet,2025-11-07,19:43:42,-08:00,2025-11-07T19:43:42-08:00,1,19
projects\index.html,21,html,00000000,Not Committed Yet,2025-11-07,19:43:42,-08:00,2025-11-07T19:43:42-08:00,1,32
projects\index.html,22,html,00000000,Not Committed Yet,2025-11-07,19:43:42,-08:00,2025-11-07T19:43:42-08:00,2,99
projects\index.html,23,html,00000000,Not Committed Yet,2025-11-07,19:43:42,-08:00,2025-11-07T19:43:42-08:00,2,61
projects\index.html,24,html,00000000,Not Committed Yet,2025-11-07,19:43:42,-08:00,2025-11-07T19:43:42-08:00,1,4
projects\index.html,25,html,00000000,Not Committed Yet,2025-11-07,19:43:42,-08:00,2025-11-07T19:43:42-08:00,0,0
projects\index.html,26,html,00000000,Not Committed Yet,2025-11-07,19:43:42,-08:00,2025-11-07T19:43:42-08:00,1,20
projects\index.html,27,html,00000000,Not Committed Yet,2025-11-07,19:43:42,-08:00,2025-11-07T19:43:42-08:00,1,53
projects\index.html,28,html,00000000,Not Committed Yet,2025-11-07,19:43:42,-08:00,2025-11-07T19:43:42-08:00,0,0
projects\index.html,29,html,00000000,Not Committed Yet,2025-11-07,19:43:42,-08:00,2025-11-07T19:43:42-08:00,1,48
projects\index.html,30,html,00000000,Not Committed Yet,2025-11-07,19:43:42,-08:00,2025-11-07T19:43:42-08:00,1,49
projects\index.html,31,html,00000000,Not Committed Yet,2025-11-07,19:43:42,-08:00,2025-11-07T19:43:42-08:00,0,5
projects\index.html,32,html,00000000,Not Committed Yet,2025-11-07,19:43:42,-08:00,2025-11-07T19:43:42-08:00,0,5
contact\index.html,1,html,00000000,Not Committed Yet,2025-11-07,19:43:46,-08:00,2025-11-07T19:43:46-08:00,0,13
contact\index.html,2,html,00000000,Not Committed Yet,2025-11-07,19:43:46,-08:00,2025-11-07T19:43:46-08:00,0,14
contact\index.html,3,html,00000000,Not Committed Yet,2025-11-07,19:43:46,-08:00,2025-11-07T19:43:46-08:00,0,4
contact\index.html,4,html,00000000,Not Committed Yet,2025-11-07,19:43:46,-08:00,2025-11-07T19:43:46-08:00,2,20
contact\index.html,5,html,00000000,Not Committed Yet,2025-11-07,19:43:46,-08:00,2025-11-07T19:43:46-08:00,2,68
contact\index.html,6,html,00000000,Not Committed Yet,2025-11-07,19:43:46,-08:00,2025-11-07T19:43:46-08:00,2,25
contact\index.html,7,html,00000000,Not Committed Yet,2025-11-07,19:43:46,-08:00,2025-11-07T19:43:46-08:00,2,41
contact\index.html,8,html,00000000,Not Committed Yet,2025-11-07,19:43:46,-08:00,2025-11-07T19:43:46-08:00,0,5
contact\index.html,9,html,00000000,Not Committed Yet,2025-11-07,19:43:46,-08:00,2025-11-07T19:43:46-08:00,0,4
contact\index.html,10,html,00000000,Not Committed Yet,2025-11-07,19:43:46,-08:00,2025-11-07T19:43:46-08:00,2,8
contact\index.html,11,html,00000000,Not Committed Yet,2025-11-07,19:43:46,-08:00,2025-11-07T19:43:46-08:00,4,30
contact\index.html,12,html,00000000,Not Committed Yet,2025-11-07,19:43:46,-08:00,2025-11-07T19:43:46-08:00,4,43
contact\index.html,13,html,00000000,Not Committed Yet,2025-11-07,19:43:46,-08:00,2025-11-07T19:43:46-08:00,4,20
contact\index.html,14,html,00000000,Not Committed Yet,2025-11-07,19:43:46,-08:00,2025-11-07T19:43:46-08:00,4,42
contact\index.html,15,html,00000000,Not Committed Yet,2025-11-07,19:43:46,-08:00,2025-11-07T19:43:46-08:00,4,62
contact\index.html,16,html,00000000,Not Committed Yet,2025-11-07,19:43:46,-08:00,2025-11-07T19:43:46-08:00,2,8
contact\index.html,17,html,00000000,Not Committed Yet,2025-11-07,19:43:46,-08:00,2025-11-07T19:43:46-08:00,0,0
contact\index.html,18,html,00000000,Not Committed Yet,2025-11-07,19:43:46,-08:00,2025-11-07T19:43:46-08:00,2,0
contact\index.html,19,html,00000000,Not Committed Yet,2025-11-07,19:43:46,-08:00,2025-11-07T19:43:46-08:00,0,0
contact\index.html,20,html,00000000,Not Committed Yet,2025-11-07,19:43:46,-08:00,2025-11-07T19:43:46-08:00,2,4
contact\index.html,21,html,00000000,Not Committed Yet,2025-11-07,19:43:46,-08:00,2025-11-07T19:43:46-08:00,4,17
contact\index.html,22,html,00000000,Not Committed Yet,2025-11-07,19:43:46,-08:00,2025-11-07T19:43:46-08:00,0,0
contact\index.html,23,html,00000000,Not Committed Yet,2025-11-07,19:43:46,-08:00,2025-11-07T19:43:46-08:00,4,55
contact\index.html,24,html,00000000,Not Committed Yet,2025-11-07,19:43:46,-08:00,2025-11-07T19:43:46-08:00,4,46
contact\index.html,25,html,00000000,Not Committed Yet,2025-11-07,19:43:46,-08:00,2025-11-07T19:43:46-08:00,4,70
contact\index.html,26,html,00000000,Not Committed Yet,2025-11-07,19:43:46,-08:00,2025-11-07T19:43:46-08:00,4,35
contact\index.html,27,html,00000000,Not Committed Yet,2025-11-07,19:43:46,-08:00,2025-11-07T19:43:46-08:00,4,5
contact\index.html,28,html,00000000,Not Committed Yet,2025-11-07,19:43:46,-08:00,2025-11-07T19:43:46-08:00,0,0
contact\index.html,29,html,00000000,Not Committed Yet,2025-11-07,19:43:46,-08:00,2025-11-07T19:43:46-08:00,2,48
contact\index.html,30,html,00000000,Not Committed Yet,2025-11-07,19:43:46,-08:00,2025-11-07T19:43:46-08:00,4,23
contact\index.html,31,html,00000000,Not Committed Yet,2025-11-07,19:43:46,-08:00,2025-11-07T19:43:46-08:00,6,31
contact\index.html,32,html,00000000,Not Committed Yet,2025-11-07,19:43:46,-08:00,2025-11-07T19:43:46-08:00,6,86
contact\index.html,33,html,00000000,Not Committed Yet,2025-11-07,19:43:46,-08:00,2025-11-07T19:43:46-08:00,8,19
contact\index.html,34,html,00000000,Not Committed Yet,2025-11-07,19:43:46,-08:00,2025-11-07T19:43:46-08:00,6,2
contact\index.html,35,html,00000000,Not Committed Yet,2025-11-07,19:43:46,-08:00,2025-11-07T19:43:46-08:00,0,0
contact\index.html,36,html,00000000,Not Committed Yet,2025-11-07,19:43:46,-08:00,2025-11-07T19:43:46-08:00,4,8
contact\index.html,37,html,00000000,Not Committed Yet,2025-11-07,19:43:46,-08:00,2025-11-07T19:43:46-08:00,4,20
contact\index.html,38,html,00000000,Not Committed Yet,2025-11-07,19:43:46,-08:00,2025-11-07T19:43:46-08:00,6,74
contact\index.html,39,html,00000000,Not Committed Yet,2025-11-07,19:43:46,-08:00,2025-11-07T19:43:46-08:00,6,70
contact\index.html,40,html,00000000,Not Committed Yet,2025-11-07,19:43:46,-08:00,2025-11-07T19:43:46-08:00,6,0
contact\index.html,41,html,00000000,Not Committed Yet,2025-11-07,19:43:46,-08:00,2025-11-07T19:43:46-08:00,6,58
contact\index.html,42,html,00000000,Not Committed Yet,2025-11-07,19:43:46,-08:00,2025-11-07T19:43:46-08:00,6,85
contact\index.html,43,html,00000000,Not Committed Yet,2025-11-07,19:43:46,-08:00,2025-11-07T19:43:46-08:00,6,21
contact\index.html,44,html,00000000,Not Committed Yet,2025-11-07,19:43:46,-08:00,2025-11-07T19:43:46-08:00,6,5
contact\index.html,45,html,00000000,Not Committed Yet,2025-11-07,19:43:46,-08:00,2025-11-07T19:43:46-08:00,4,12
contact\index.html,46,html,00000000,Not Committed Yet,2025-11-07,19:43:46,-08:00,2025-11-07T19:43:46-08:00,0,0
contact\index.html,47,html,00000000,Not Committed Yet,2025-11-07,19:43:46,-08:00,2025-11-07T19:43:46-08:00,2,57
contact\index.html,48,html,00000000,Not Committed Yet,2025-11-07,19:43:46,-08:00,2025-11-07T19:43:46-08:00,2,5
contact\index.html,49,html,00000000,Not Committed Yet,2025-11-07,19:43:46,-08:00,2025-11-07T19:43:46-08:00,0,0
contact\index.html,50,html,00000000,Not Committed Yet,2025-11-07,19:43:46,-08:00,2025-11-07T19:43:46-08:00,0,0
contact\index.html,51,html,00000000,Not Committed Yet,2025-11-07,19:43:46,-08:00,2025-11-07T19:43:46-08:00,0,5
contact\index.html,52,html,37dc4334,NFNeuweg,2025-10-04,23:07:17,-07:00,2025-10-04T23:07:17-07:00,0,5
